{
  "type": "logistic_regression",
  "feature_names": [
    "promptCharLength",
    "wordCount",
    "questionMarkCount",
    "sentenceCount",
    "containsCodeBlock",
    "containsFilePath",
    "filePathCount",
    "judgmentWordCount",
    "planningWordCount",
    "implementationWordCount",
    "lookupWordCount",
    "ambiguityWordCount",
    "scopeWordCount",
    "prevMessageIsAssistant",
    "prevAssistantEndsWithQuestion",
    "prevAssistantLength",
    "prevAssistantIsPlan",
    "isPastedOnly",
    "slashCommandPresent"
  ],
  "label_names": [
    "HAIKU",
    "SONNET",
    "OPUS"
  ],
  "coefficients": [
    [
      -1.1928814681436362,
      -0.5278995994366957,
      0.05650078217425169,
      0.02761288576788978,
      0.11772247242047873,
      -0.02603473519377953,
      -0.02289631149297652,
      -0.5594142044982466,
      -0.10176143968320149,
      -0.2961197831257339,
      -0.023846559810407505,
      -0.013534841334861082,
      -0.2172716452793921,
      0.0,
      0.0,
      0.0,
      0.0,
      -0.8704516459645778,
      0.0
    ],
    [
      0.6512522540998085,
      0.3297687148849228,
      -0.5641022773934387,
      0.029308586181980865,
      -0.07836620733648623,
      -0.13031756542312922,
      0.2810732121354848,
      -0.061296308309884674,
      -0.22983051768060558,
      0.05179262463598355,
      -0.05350098064963861,
      -0.12942254704966588,
      -0.049323251093001,
      0.0,
      0.0,
      0.0,
      0.0,
      0.5401661150507592,
      0.0
    ],
    [
      0.5416292140438284,
      0.19813088455177416,
      0.5076014952191853,
      -0.056921471949872106,
      -0.0393562650839956,
      0.15635230061690963,
      -0.25817690064251125,
      0.6207105128081315,
      0.33159195736380587,
      0.2443271584897466,
      0.0773475404600455,
      0.14295738838452943,
      0.2665948963723934,
      0.0,
      0.0,
      0.0,
      0.0,
      0.3302855309138227,
      0.0
    ]
  ],
  "intercept": [
    -0.6727255422988385,
    0.6324148686774499,
    0.04031067362139457
  ],
  "scaler_mean": [
    156.9471440750213,
    27.38618925831202,
    0.4731457800511509,
    1.959079283887468,
    0.0008525149190110827,
    0.04859335038363171,
    0.09207161125319693,
    0.2796248934356351,
    0.22335890878090367,
    0.5439045183290707,
    0.041773231031543054,
    0.19352088661551578,
    0.22335890878090367,
    0.0,
    0.0,
    0.0,
    0.0,
    0.061381074168797956,
    0.0
  ],
  "scaler_scale": [
    192.77086372661043,
    31.436508988967862,
    0.764963874285118,
    1.8046156143215677,
    0.029185409665172645,
    0.21501636375430866,
    0.6594168456196774,
    0.7376623955775388,
    0.6459790813070304,
    0.9311273943302948,
    0.22418386924322267,
    0.5486329276401013,
    0.5908365086598731,
    1.0,
    1.0,
    1.0,
    1.0,
    0.24002799399795846,
    1.0
  ]
}